user,workout_type,date,calories,duration
alice,Swimming,2025-01-01,410,50
alice,Yoga,2025-01-04,198,45
alice,Running,2025-01-04,476,44
alice,Weightlifting,2025-01-05,383,70
alice,Weightlifting,2025-01-06,346,56
alice,Swimming,2025-01-06,448,54
alice,Yoga,2025-01-07,220,43
alice,Cycling,2025-01-08,291,34
alice,Cycling,2025-01-10,342,50
alice,Swimming,2025-01-16,456,37
alice,Running,2025-01-16,479,45
alice,Cycling,2025-01-16,315,56
alice,Cycling,2025-01-17,288,58
alice,Running,2025-01-17,383,30
alice,Cycling,2025-01-17,338,45
alice,Weightlifting,2025-01-18,415,67
alice,Running,2025-01-19,453,38
alice,Swimming,2025-01-21,426,55
alice,Running,2025-01-22,376,42
alice,Weightlifting,2025-01-23,406,48
alice,Yoga,2025-01-23,192,34
alice,Running,2025-01-24,353,32
alice,Cycling,2025-01-26,284,44
alice,Swimming,2025-01-26,383,42
alice,Swimming,2025-01-27,476,33
alice,Running,2025-01-28,447,29
alice,Swimming,2025-01-28,495,47
alice,Cycling,2025-01-29,330,49
alice,Weightlifting,2025-01-29,378,59
alice,Yoga,2025-01-29,192,53
alice,Weightlifting,2025-01-29,400,40
alice,Swimming,2025-01-30,400,48
alice,Swimming,2025-01-31,407,31
alice,Yoga,2025-02-02,172,40
alice,Swimming,2025-02-02,457,39
alice,Cycling,2025-02-04,288,49
alice,Cycling,2025-02-07,340,49
alice,Cycling,2025-02-07,320,50
alice,Yoga,2025-02-07,155,52
alice,Yoga,2025-02-08,225,38
alice,Weightlifting,2025-02-09,302,54
alice,Running,2025-02-09,404,40
alice,Cycling,2025-02-10,363,45
alice,Swimming,2025-02-10,439,43
alice,Swimming,2025-02-11,448,40
alice,Cycling,2025-02-11,338,32
alice,Running,2025-02-12,451,41
alice,Weightlifting,2025-02-12,363,47
alice,Swimming,2025-02-13,459,34
alice,Running,2025-02-17,488,25
alice,Yoga,2025-02-20,194,31
alice,Running,2025-02-20,353,38
alice,Weightlifting,2025-02-21,379,58
alice,Swimming,2025-02-21,433,51
alice,Cycling,2025-02-21,328,48
alice,Yoga,2025-02-22,230,37
alice,Cycling,2025-02-22,329,32
alice,Running,2025-02-22,493,41
alice,Weightlifting,2025-02-22,391,48
alice,Weightlifting,2025-02-24,405,55
alice,Weightlifting,2025-02-24,347,58
alice,Running,2025-02-25,437,45
alice,Swimming,2025-02-26,395,44
alice,Weightlifting,2025-02-27,388,64
alice,Running,2025-03-01,362,47
alice,Yoga,2025-03-01,187,40
alice,Cycling,2025-03-02,294,44
alice,Weightlifting,2025-03-02,380,65
alice,Yoga,2025-03-04,181,59
alice,Running,2025-03-06,435,32
alice,Swimming,2025-03-06,490,50
alice,Swimming,2025-03-08,489,34
alice,Weightlifting,2025-03-08,384,70
alice,Yoga,2025-03-09,196,53
alice,Weightlifting,2025-03-09,325,62
alice,Running,2025-03-11,483,49
alice,Yoga,2025-03-11,157,38
alice,Running,2025-03-12,351,38
alice,Swimming,2025-03-12,427,39
alice,Weightlifting,2025-03-12,345,44
alice,Running,2025-03-13,392,40
alice,Weightlifting,2025-03-13,415,41
alice,Yoga,2025-03-15,208,30
alice,Running,2025-03-16,453,40
alice,Running,2025-03-17,432,44
alice,Running,2025-03-17,412,44
alice,Yoga,2025-03-18,185,36
alice,Swimming,2025-03-18,449,48
alice,Running,2025-03-19,449,33
alice,Yoga,2025-03-20,218,49
alice,Running,2025-03-20,441,45
alice,Weightlifting,2025-03-20,415,56
alice,Running,2025-03-23,411,47
alice,Cycling,2025-03-24,314,54
alice,Running,2025-03-24,456,30
alice,Weightlifting,2025-03-24,385,49
alice,Cycling,2025-03-24,318,36
alice,Weightlifting,2025-03-25,312,62
alice,Cycling,2025-03-29,364,50
alice,Weightlifting,2025-03-29,358,53
alice,Weightlifting,2025-03-29,314,40
alice,Swimming,2025-03-30,481,45
alice,Weightlifting,2025-03-31,395,53
alice,Yoga,2025-03-31,225,58
alice,Running,2025-04-01,363,42
alice,Yoga,2025-04-02,205,55
alice,Swimming,2025-04-02,484,38
alice,Weightlifting,2025-04-06,400,55
alice,Swimming,2025-04-08,476,46
alice,Swimming,2025-04-13,405,31
alice,Weightlifting,2025-04-13,325,59
alice,Swimming,2025-04-14,497,49
alice,Running,2025-04-16,381,44
alice,Running,2025-04-18,443,34
alice,Cycling,2025-04-19,318,60
alice,Cycling,2025-04-20,365,50
alice,Yoga,2025-04-22,151,46
alice,Running,2025-04-24,375,33
alice,Cycling,2025-04-24,299,46
alice,Running,2025-04-25,420,32
alice,Swimming,2025-04-26,453,42
alice,Cycling,2025-05-02,281,41
alice,Weightlifting,2025-05-02,346,61
alice,Running,2025-05-04,484,29
alice,Running,2025-05-04,438,39
alice,Yoga,2025-05-06,171,47
alice,Yoga,2025-05-06,226,30
alice,Yoga,2025-05-07,172,31
alice,Running,2025-05-09,368,43
alice,Weightlifting,2025-05-10,311,50
alice,Weightlifting,2025-05-11,412,60
alice,Yoga,2025-05-13,178,45
alice,Swimming,2025-05-14,382,40
alice,Weightlifting,2025-05-14,395,50
alice,Yoga,2025-05-16,177,46
alice,Yoga,2025-05-16,177,39
alice,Running,2025-05-17,487,49
alice,Swimming,2025-05-21,399,35
alice,Weightlifting,2025-05-22,308,50
alice,Cycling,2025-05-23,292,42
alice,Weightlifting,2025-05-23,365,63
alice,Weightlifting,2025-05-23,305,53
alice,Cycling,2025-05-23,344,32
alice,Running,2025-05-23,387,48
alice,Yoga,2025-05-24,194,47
alice,Yoga,2025-05-25,195,33
alice,Yoga,2025-05-27,185,47
alice,Running,2025-05-29,408,49
alice,Running,2025-06-02,456,47
alice,Running,2025-06-02,381,39
alice,Swimming,2025-06-05,484,55
alice,Swimming,2025-06-08,444,32
alice,Running,2025-06-09,386,36
alice,Yoga,2025-06-10,219,31
alice,Yoga,2025-06-10,172,45
alice,Cycling,2025-06-10,323,37
alice,Cycling,2025-06-11,352,58
alice,Yoga,2025-06-13,201,51
alice,Yoga,2025-06-14,203,37
alice,Swimming,2025-06-15,479,43
alice,Yoga,2025-06-18,221,47
alice,Weightlifting,2025-06-20,344,53
alice,Running,2025-06-20,359,29
alice,Weightlifting,2025-06-20,414,62
alice,Yoga,2025-06-21,176,34
alice,Cycling,2025-06-21,346,50
alice,Cycling,2025-06-23,308,32
alice,Running,2025-06-23,365,37
alice,Cycling,2025-06-25,297,36
alice,Weightlifting,2025-06-25,386,63
alice,Yoga,2025-06-28,215,36
alice,Yoga,2025-06-29,156,60
alice,Swimming,2025-07-01,467,41
alice,Weightlifting,2025-07-02,305,54
alice,Running,2025-07-02,441,33
alice,Cycling,2025-07-04,317,37
alice,Running,2025-07-04,428,39
alice,Cycling,2025-07-04,346,59
alice,Running,2025-07-05,471,39
alice,Running,2025-07-07,361,29
alice,Swimming,2025-07-08,450,48
alice,Running,2025-07-08,426,35
alice,Yoga,2025-07-09,199,35
alice,Swimming,2025-07-10,424,34
alice,Yoga,2025-07-11,175,53
alice,Running,2025-07-12,485,31
alice,Running,2025-07-12,437,30
alice,Cycling,2025-07-16,299,37
alice,Cycling,2025-07-16,312,47
alice,Running,2025-07-17,409,42
alice,Running,2025-07-18,403,30
alice,Yoga,2025-07-19,180,45
alice,Running,2025-07-19,487,35
alice,Swimming,2025-07-20,463,48
alice,Cycling,2025-07-22,318,30
alice,Cycling,2025-07-22,346,47
alice,Cycling,2025-07-23,317,44
alice,Cycling,2025-07-25,374,31
alice,Swimming,2025-07-25,448,44
alice,Running,2025-07-25,386,37
alice,Swimming,2025-07-26,466,46
alice,Swimming,2025-07-28,479,47
alice,Cycling,2025-07-28,336,36
alice,Cycling,2025-07-30,376,55
alice,Swimming,2025-07-30,492,43
alice,Weightlifting,2025-07-31,367,49
alice,Swimming,2025-08-01,478,55
alice,Swimming,2025-08-01,421,53
alice,Weightlifting,2025-08-01,313,49
alice,Swimming,2025-08-01,398,54
alice,Swimming,2025-08-02,424,43
alice,Yoga,2025-08-02,223,35
alice,Swimming,2025-08-02,494,50
alice,Running,2025-08-03,448,39
alice,Weightlifting,2025-08-05,384,67
alice,Weightlifting,2025-08-07,408,52
alice,Weightlifting,2025-08-07,306,42
alice,Running,2025-08-09,473,49
alice,Running,2025-08-10,371,27
alice,Yoga,2025-08-10,156,47
alice,Yoga,2025-08-10,195,60
alice,Cycling,2025-08-11,290,45
alice,Swimming,2025-08-13,414,34
alice,Cycling,2025-08-14,307,38
alice,Cycling,2025-08-15,297,39
alice,Cycling,2025-08-15,329,54
alice,Yoga,2025-08-15,180,57
alice,Weightlifting,2025-08-16,391,69
alice,Running,2025-08-16,400,45
alice,Cycling,2025-08-16,373,58
alice,Cycling,2025-08-19,293,35
alice,Yoga,2025-08-19,165,54
alice,Cycling,2025-08-20,364,34
alice,Running,2025-08-22,390,39
alice,Weightlifting,2025-08-22,351,70
alice,Yoga,2025-08-22,163,44
alice,Cycling,2025-08-23,305,46
alice,Running,2025-08-24,375,45
alice,Yoga,2025-08-25,175,41
alice,Weightlifting,2025-08-26,378,49
alice,Weightlifting,2025-08-27,308,68
alice,Weightlifting,2025-08-29,411,41
alice,Running,2025-08-29,496,34
alice,Running,2025-08-29,390,41
alice,Cycling,2025-08-29,303,31
alice,Running,2025-09-01,441,35
alice,Weightlifting,2025-09-02,388,44
alice,Swimming,2025-09-02,390,52
alice,Swimming,2025-09-03,430,52
alice,Weightlifting,2025-09-03,314,51
alice,Weightlifting,2025-09-03,367,52
alice,Running,2025-09-03,383,25
alice,Cycling,2025-09-04,283,36
alice,Cycling,2025-09-05,336,43
alice,Cycling,2025-09-06,319,44
alice,Cycling,2025-09-07,372,58
alice,Cycling,2025-09-08,372,43
alice,Yoga,2025-09-08,199,51
alice,Weightlifting,2025-09-08,409,56
alice,Swimming,2025-09-08,445,36
alice,Swimming,2025-09-09,480,44
alice,Weightlifting,2025-09-09,373,57
alice,Cycling,2025-09-10,378,50
alice,Running,2025-09-10,496,46
alice,Running,2025-09-10,483,49
alice,Yoga,2025-09-11,198,40
alice,Swimming,2025-09-12,432,32
alice,Weightlifting,2025-09-13,363,67
alice,Cycling,2025-09-13,334,53
alice,Running,2025-09-13,363,27
alice,Weightlifting,2025-09-14,413,46
alice,Running,2025-09-15,499,40
alice,Weightlifting,2025-09-15,306,52
alice,Cycling,2025-09-16,346,57
alice,Cycling,2025-09-17,291,44
alice,Yoga,2025-09-18,164,37
alice,Yoga,2025-09-18,197,46
alice,Swimming,2025-09-21,499,39
alice,Cycling,2025-09-21,302,53
alice,Swimming,2025-09-23,389,36
alice,Swimming,2025-09-24,417,44
alice,Swimming,2025-09-24,393,52
alice,Yoga,2025-09-24,216,33
alice,Yoga,2025-09-24,220,39
alice,Weightlifting,2025-09-26,306,49
alice,Cycling,2025-09-27,374,43
alice,Yoga,2025-09-27,196,32
alice,Cycling,2025-09-27,373,53
alice,Cycling,2025-09-28,348,42
alice,Swimming,2025-09-28,465,45
alice,Weightlifting,2025-09-30,404,42
alice,Swimming,2025-09-30,442,49
alice,Yoga,2025-10-01,189,45
alice,Cycling,2025-10-02,304,36
alice,Yoga,2025-10-02,163,55
alice,Swimming,2025-10-03,489,34
alice,Running,2025-10-05,438,50
alice,Yoga,2025-10-06,164,38
alice,Swimming,2025-10-08,407,34
alice,Running,2025-10-08,366,40
alice,Weightlifting,2025-10-10,371,52
alice,Weightlifting,2025-10-11,373,50
alice,Swimming,2025-10-12,483,34
alice,Weightlifting,2025-10-12,409,54
alice,Swimming,2025-10-12,482,37
alice,Cycling,2025-10-16,299,55
alice,Weightlifting,2025-10-17,384,58
alice,Weightlifting,2025-10-18,319,44
alice,Weightlifting,2025-10-19,384,63
alice,Weightlifting,2025-10-20,416,65
alice,Yoga,2025-10-21,188,45
alice,Yoga,2025-10-23,189,30
alice,Running,2025-10-25,405,29
alice,Cycling,2025-10-27,297,54
alice,Yoga,2025-10-27,164,35
alice,Yoga,2025-10-29,220,37
alice,Cycling,2025-10-29,306,55
alice,Cycling,2025-10-30,293,43
alice,Cycling,2025-10-30,335,52
alice,Cycling,2025-10-31,372,44
alice,Weightlifting,2025-11-01,357,62
alice,Cycling,2025-11-01,327,45
alice,Cycling,2025-11-02,362,50
alice,Running,2025-11-02,422,40
alice,Running,2025-11-02,351,43
alice,Running,2025-11-03,358,39
alice,Cycling,2025-11-04,350,49
alice,Running,2025-11-04,387,40
alice,Cycling,2025-11-05,375,50
alice,Weightlifting,2025-11-07,384,59
alice,Yoga,2025-11-09,222,30
alice,Cycling,2025-11-10,357,40
alice,Yoga,2025-11-10,224,39
alice,Running,2025-11-13,389,30
alice,Yoga,2025-11-13,150,50
alice,Swimming,2025-11-13,413,37
alice,Yoga,2025-11-14,224,60
alice,Running,2025-11-14,414,41
alice,Swimming,2025-11-17,412,37
alice,Swimming,2025-11-17,485,51
alice,Yoga,2025-11-18,187,56
alice,Cycling,2025-11-19,312,45
alice,Yoga,2025-11-19,199,46
alice,Cycling,2025-11-20,353,31
alice,Swimming,2025-11-21,445,51
alice,Cycling,2025-11-21,315,49
alice,Cycling,2025-11-22,349,41
alice,Cycling,2025-11-22,329,60
alice,Swimming,2025-11-23,478,34
alice,Running,2025-11-25,370,26
alice,Cycling,2025-11-25,360,44
alice,Yoga,2025-11-28,197,47
alice,Yoga,2025-12-01,170,43
alice,Yoga,2025-12-02,210,38
alice,Swimming,2025-12-03,410,53
alice,Swimming,2025-12-03,380,54
alice,Yoga,2025-12-03,166,42
alice,Cycling,2025-12-04,293,31
alice,Swimming,2025-12-05,448,43
alice,Running,2025-12-05,419,39
alice,Weightlifting,2025-12-06,384,48
alice,Yoga,2025-12-06,154,56
alice,Weightlifting,2025-12-07,345,67
alice,Running,2025-12-07,467,45
alice,Cycling,2025-12-13,378,45
alice,Weightlifting,2025-12-14,343,61
alice,Yoga,2025-12-14,188,48
alice,Weightlifting,2025-12-14,390,57
alice,Cycling,2025-12-14,328,49
alice,Cycling,2025-12-15,360,35
alice,Swimming,2025-12-15,383,39
alice,Running,2025-12-18,429,26
alice,Weightlifting,2025-12-19,383,46
alice,Running,2025-12-20,498,50
alice,Cycling,2025-12-21,307,58
alice,Running,2025-12-22,413,32
alice,Yoga,2025-12-22,186,43
alice,Cycling,2025-12-23,315,33
alice,Swimming,2025-12-27,479,38
alice,Cycling,2025-12-27,306,38
alice,Running,2025-12-27,387,43
alice,Swimming,2025-12-28,475,45
alice,Running,2025-12-29,404,41
alice,Swimming,2025-12-30,470,40
bob,Yoga,2025-01-01,219,56
bob,Swimming,2025-01-03,461,31
bob,Weightlifting,2025-01-04,353,64
bob,Swimming,2025-01-07,484,42
bob,Cycling,2025-01-12,280,54
bob,Cycling,2025-01-12,307,53
bob,Swimming,2025-01-14,393,48
bob,Cycling,2025-01-15,314,34
bob,Running,2025-01-16,360,49
bob,Swimming,2025-01-16,473,33
bob,Cycling,2025-01-17,304,37
bob,Yoga,2025-01-18,157,46
bob,Running,2025-01-22,434,28
bob,Weightlifting,2025-01-22,351,64
bob,Cycling,2025-01-22,310,33
bob,Weightlifting,2025-01-23,302,47
bob,Yoga,2025-01-24,203,43
bob,Yoga,2025-01-25,213,32
bob,Swimming,2025-01-25,425,54
bob,Weightlifting,2025-01-25,347,49
bob,Running,2025-01-26,470,46
bob,Running,2025-01-26,394,45
bob,Weightlifting,2025-01-28,337,60
bob,Swimming,2025-01-29,448,55
bob,Running,2025-01-29,397,29
bob,Weightlifting,2025-01-31,362,70
bob,Cycling,2025-02-02,344,31
bob,Running,2025-02-05,422,44
bob,Yoga,2025-02-06,179,59
bob,Weightlifting,2025-02-07,338,54
bob,Running,2025-02-07,484,36
bob,Weightlifting,2025-02-07,414,47
bob,Cycling,2025-02-09,297,34
bob,Swimming,2025-02-09,473,50
bob,Cycling,2025-02-09,364,51
bob,Running,2025-02-10,411,43
bob,Cycling,2025-02-11,361,39
bob,Swimming,2025-02-12,405,30
bob,Swimming,2025-02-13,399,54
bob,Swimming,2025-02-16,409,53
bob,Swimming,2025-02-17,483,39
bob,Running,2025-02-18,400,39
bob,Swimming,2025-02-19,445,32
bob,Running,2025-02-20,474,31
bob,Running,2025-02-21,480,27
bob,Yoga,2025-02-21,155,34
bob,Weightlifting,2025-02-23,406,68
bob,Running,2025-02-23,475,46
bob,Swimming,2025-02-24,445,47
bob,Weightlifting,2025-02-24,340,51
bob,Yoga,2025-02-24,195,34
bob,Weightlifting,2025-02-25,328,67
bob,Running,2025-02-25,439,33
bob,Weightlifting,2025-02-25,349,44
bob,Cycling,2025-02-25,358,31
bob,Running,2025-02-26,496,47
bob,Weightlifting,2025-02-27,417,55
bob,Swimming,2025-02-27,386,36
bob,Cycling,2025-02-27,281,36
bob,Cycling,2025-02-28,340,51
bob,Weightlifting,2025-02-28,403,50
bob,Running,2025-03-01,474,41
bob,Weightlifting,2025-03-01,354,40
bob,Cycling,2025-03-02,326,49
bob,Swimming,2025-03-02,404,30
bob,Swimming,2025-03-02,383,53
bob,Yoga,2025-03-02,197,59
bob,Swimming,2025-03-03,417,40
bob,Yoga,2025-03-03,165,52
bob,Swimming,2025-03-04,445,37
bob,Swimming,2025-03-04,422,34
bob,Running,2025-03-05,375,29
bob,Yoga,2025-03-08,225,35
bob,Swimming,2025-03-08,396,36
bob,Yoga,2025-03-10,225,35
bob,Running,2025-03-10,446,36
bob,Yoga,2025-03-11,215,53
bob,Swimming,2025-03-11,439,52
bob,Yoga,2025-03-14,201,32
bob,Swimming,2025-03-16,492,55
bob,Weightlifting,2025-03-16,323,53
bob,Swimming,2025-03-17,438,33
bob,Swimming,2025-03-19,474,45
bob,Cycling,2025-03-20,282,49
bob,Swimming,2025-03-22,464,32
bob,Cycling,2025-03-22,350,32
bob,Weightlifting,2025-03-23,363,45
bob,Yoga,2025-03-25,198,34
bob,Weightlifting,2025-03-26,415,41
bob,Swimming,2025-03-27,416,44
bob,Yoga,2025-03-29,224,34
bob,Yoga,2025-03-30,199,41
bob,Weightlifting,2025-03-31,369,49
bob,Weightlifting,2025-04-01,412,66
bob,Cycling,2025-04-01,317,44
bob,Cycling,2025-04-02,358,44
bob,Yoga,2025-04-02,155,48
bob,Yoga,2025-04-03,154,49
bob,Weightlifting,2025-04-06,380,45
bob,Running,2025-04-06,486,25
bob,Cycling,2025-04-09,283,51
bob,Cycling,2025-04-09,307,55
bob,Cycling,2025-04-12,341,47
bob,Swimming,2025-04-14,406,37
bob,Weightlifting,2025-04-15,331,48
bob,Weightlifting,2025-04-15,319,67
bob,Running,2025-04-15,439,27
bob,Running,2025-04-16,375,35
bob,Weightlifting,2025-04-16,357,60
bob,Swimming,2025-04-18,416,49
bob,Swimming,2025-04-19,418,30
bob,Weightlifting,2025-04-20,344,63
bob,Yoga,2025-04-20,219,39
bob,Swimming,2025-04-21,437,39
bob,Running,2025-04-22,388,25
bob,Running,2025-04-24,353,26
bob,Yoga,2025-04-24,177,57
bob,Swimming,2025-04-24,463,32
bob,Swimming,2025-04-24,435,48
bob,Yoga,2025-04-26,206,56
bob,Cycling,2025-04-27,331,30
bob,Weightlifting,2025-04-28,368,62
bob,Swimming,2025-04-29,391,31
bob,Yoga,2025-04-30,177,56
bob,Running,2025-04-30,417,36
bob,Weightlifting,2025-05-01,394,46
bob,Running,2025-05-01,382,48
bob,Swimming,2025-05-01,480,52
bob,Swimming,2025-05-01,467,49
bob,Swimming,2025-05-02,475,32
bob,Swimming,2025-05-03,395,31
bob,Weightlifting,2025-05-04,349,43
bob,Weightlifting,2025-05-05,363,52
bob,Swimming,2025-05-06,492,32
bob,Cycling,2025-05-08,347,51
bob,Yoga,2025-05-10,151,37
bob,Cycling,2025-05-10,280,49
bob,Cycling,2025-05-11,339,50
bob,Running,2025-05-13,477,34
bob,Running,2025-05-18,430,37
bob,Weightlifting,2025-05-22,344,44
bob,Running,2025-05-25,401,47
bob,Running,2025-05-25,385,41
bob,Weightlifting,2025-05-27,334,66
bob,Weightlifting,2025-05-30,419,62
bob,Swimming,2025-05-30,400,53
bob,Swimming,2025-05-31,430,40
bob,Swimming,2025-06-01,496,45
bob,Weightlifting,2025-06-03,418,42
bob,Running,2025-06-04,468,47
bob,Weightlifting,2025-06-04,351,55
bob,Cycling,2025-06-06,338,41
bob,Running,2025-06-06,451,45
bob,Running,2025-06-07,365,30
bob,Running,2025-06-08,457,34
bob,Yoga,2025-06-09,175,52
bob,Weightlifting,2025-06-09,355,44
bob,Cycling,2025-06-09,310,50
bob,Yoga,2025-06-10,196,42
bob,Yoga,2025-06-11,218,53
bob,Weightlifting,2025-06-13,417,63
bob,Yoga,2025-06-13,194,47
bob,Yoga,2025-06-13,202,55
bob,Cycling,2025-06-14,298,52
bob,Swimming,2025-06-15,471,35
bob,Weightlifting,2025-06-15,311,48
bob,Running,2025-06-15,392,42
bob,Yoga,2025-06-16,176,47
bob,Weightlifting,2025-06-18,396,48
bob,Swimming,2025-06-18,442,44
bob,Cycling,2025-06-19,364,40
bob,Weightlifting,2025-06-20,303,45
bob,Cycling,2025-06-22,361,55
bob,Yoga,2025-06-22,201,46
bob,Running,2025-06-23,490,27
bob,Running,2025-06-25,465,28
bob,Yoga,2025-06-26,187,51
bob,Yoga,2025-06-26,201,41
bob,Running,2025-06-27,391,40
bob,Yoga,2025-06-28,173,47
bob,Yoga,2025-06-30,226,44
bob,Yoga,2025-07-01,217,38
bob,Yoga,2025-07-03,152,42
bob,Swimming,2025-07-03,495,45
bob,Weightlifting,2025-07-04,335,66
bob,Weightlifting,2025-07-04,395,58
bob,Yoga,2025-07-06,183,59
bob,Weightlifting,2025-07-07,383,52
bob,Running,2025-07-08,471,46
bob,Yoga,2025-07-09,154,56
bob,Running,2025-07-10,471,33
bob,Weightlifting,2025-07-13,363,68
bob,Cycling,2025-07-14,333,51
bob,Weightlifting,2025-07-15,347,68
bob,Weightlifting,2025-07-16,370,44
bob,Swimming,2025-07-18,427,39
bob,Yoga,2025-07-19,180,48
bob,Weightlifting,2025-07-19,375,53
bob,Cycling,2025-07-20,348,40
bob,Swimming,2025-07-21,413,40
bob,Running,2025-07-22,413,36
bob,Weightlifting,2025-07-23,340,45
bob,Running,2025-07-24,420,49
bob,Swimming,2025-07-26,405,49
bob,Yoga,2025-07-27,222,39
bob,Cycling,2025-07-28,288,43
bob,Cycling,2025-07-29,314,50
bob,Yoga,2025-07-30,199,37
bob,Weightlifting,2025-07-30,388,46
bob,Cycling,2025-07-31,286,33
bob,Running,2025-07-31,410,48
bob,Swimming,2025-08-01,393,54
bob,Running,2025-08-01,418,36
bob,Running,2025-08-03,462,35
bob,Swimming,2025-08-05,447,49
bob,Yoga,2025-08-05,159,31
bob,Swimming,2025-08-05,464,34
bob,Running,2025-08-05,484,50
bob,Running,2025-08-06,377,49
bob,Running,2025-08-07,442,25
bob,Yoga,2025-08-08,205,50
bob,Swimming,2025-08-10,450,42
bob,Running,2025-08-10,426,40
bob,Running,2025-08-11,412,27
bob,Running,2025-08-11,410,45
bob,Yoga,2025-08-13,171,53
bob,Cycling,2025-08-13,288,35
bob,Swimming,2025-08-13,450,35
bob,Running,2025-08-14,360,34
bob,Swimming,2025-08-14,466,48
bob,Yoga,2025-08-15,198,44
bob,Weightlifting,2025-08-15,378,61
bob,Swimming,2025-08-15,458,55
bob,Cycling,2025-08-16,374,52
bob,Yoga,2025-08-18,203,37
bob,Swimming,2025-08-19,491,31
bob,Swimming,2025-08-19,432,42
bob,Weightlifting,2025-08-20,406,60
bob,Cycling,2025-08-23,288,52
bob,Swimming,2025-08-23,421,36
bob,Running,2025-08-23,450,31
bob,Weightlifting,2025-08-24,319,60
bob,Swimming,2025-08-25,451,43
bob,Swimming,2025-08-25,492,45
bob,Yoga,2025-08-25,210,56
bob,Cycling,2025-08-26,369,46
bob,Yoga,2025-08-27,160,59
bob,Yoga,2025-08-29,180,39
bob,Swimming,2025-08-29,472,36
bob,Yoga,2025-09-02,164,50
bob,Yoga,2025-09-03,221,36
bob,Cycling,2025-09-04,332,45
bob,Cycling,2025-09-05,307,53
bob,Swimming,2025-09-06,436,52
bob,Cycling,2025-09-08,372,47
bob,Yoga,2025-09-09,205,50
bob,Cycling,2025-09-10,310,55
bob,Swimming,2025-09-11,416,53
bob,Yoga,2025-09-12,163,59
bob,Swimming,2025-09-14,457,45
bob,Yoga,2025-09-14,215,42
bob,Weightlifting,2025-09-15,304,44
bob,Weightlifting,2025-09-16,343,49
bob,Swimming,2025-09-19,468,34
bob,Weightlifting,2025-09-20,415,60
bob,Yoga,2025-09-21,171,54
bob,Swimming,2025-09-22,498,35
bob,Swimming,2025-09-22,432,41
bob,Cycling,2025-09-24,321,57
bob,Yoga,2025-09-24,222,45
bob,Weightlifting,2025-09-25,322,63
bob,Swimming,2025-09-26,498,45
bob,Cycling,2025-09-26,318,45
bob,Weightlifting,2025-09-27,325,60
bob,Yoga,2025-09-27,228,52
bob,Cycling,2025-09-29,286,51
bob,Swimming,2025-10-01,381,52
bob,Swimming,2025-10-03,401,54
bob,Swimming,2025-10-04,422,40
bob,Cycling,2025-10-04,296,55
bob,Weightlifting,2025-10-04,389,57
bob,Running,2025-10-06,491,33
bob,Yoga,2025-10-07,177,36
bob,Cycling,2025-10-09,364,45
bob,Cycling,2025-10-10,346,35
bob,Swimming,2025-10-11,394,33
bob,Swimming,2025-10-11,385,31
bob,Weightlifting,2025-10-12,317,46
bob,Weightlifting,2025-10-13,408,65
bob,Swimming,2025-10-14,472,55
bob,Weightlifting,2025-10-14,364,43
bob,Yoga,2025-10-15,227,30
bob,Cycling,2025-10-15,348,38
bob,Cycling,2025-10-15,329,60
bob,Weightlifting,2025-10-17,320,45
bob,Weightlifting,2025-10-18,309,58
bob,Weightlifting,2025-10-19,315,70
bob,Weightlifting,2025-10-20,412,52
bob,Yoga,2025-10-22,187,37
bob,Swimming,2025-10-22,451,32
bob,Cycling,2025-10-23,321,59
bob,Weightlifting,2025-10-23,362,44
bob,Cycling,2025-10-25,363,34
bob,Running,2025-10-26,433,41
bob,Weightlifting,2025-10-27,349,68
bob,Running,2025-10-27,416,42
bob,Swimming,2025-10-28,382,36
bob,Running,2025-10-30,489,27
bob,Running,2025-11-02,389,35
bob,Yoga,2025-11-02,172,48
bob,Swimming,2025-11-03,431,32
bob,Cycling,2025-11-06,290,53
bob,Weightlifting,2025-11-07,319,54
bob,Cycling,2025-11-09,302,32
bob,Cycling,2025-11-10,283,54
bob,Yoga,2025-11-11,205,36
bob,Cycling,2025-11-12,303,37
bob,Yoga,2025-11-13,198,32
bob,Running,2025-11-13,485,28
bob,Yoga,2025-11-14,226,31
bob,Yoga,2025-11-17,218,30
bob,Cycling,2025-11-17,335,56
bob,Running,2025-11-18,452,31
bob,Running,2025-11-20,368,47
bob,Weightlifting,2025-11-20,389,55
bob,Running,2025-11-20,474,35
bob,Running,2025-11-21,437,36
bob,Swimming,2025-11-22,418,50
bob,Cycling,2025-11-23,317,33
bob,Weightlifting,2025-11-24,348,48
bob,Weightlifting,2025-11-26,350,68
bob,Cycling,2025-11-26,286,55
bob,Swimming,2025-11-28,469,51
bob,Swimming,2025-11-28,466,55
bob,Running,2025-11-28,355,42
bob,Running,2025-11-29,431,28
bob,Cycling,2025-11-29,346,52
bob,Yoga,2025-12-04,155,53
bob,Running,2025-12-05,358,50
bob,Running,2025-12-06,446,43
bob,Swimming,2025-12-07,435,32
bob,Yoga,2025-12-07,203,35
bob,Cycling,2025-12-08,370,52
bob,Yoga,2025-12-10,161,50
bob,Swimming,2025-12-11,450,30
bob,Weightlifting,2025-12-13,344,61
bob,Running,2025-12-14,386,44
bob,Yoga,2025-12-15,178,46
bob,Swimming,2025-12-15,479,44
bob,Yoga,2025-12-16,202,48
bob,Yoga,2025-12-16,219,35
bob,Running,2025-12-16,458,27
bob,Cycling,2025-12-17,299,53
bob,Cycling,2025-12-18,331,41
bob,Cycling,2025-12-18,343,32
bob,Yoga,2025-12-18,179,37
bob,Weightlifting,2025-12-19,339,63
bob,Yoga,2025-12-19,206,40
bob,Cycling,2025-12-19,368,34
bob,Yoga,2025-12-20,193,51
bob,Swimming,2025-12-22,421,49
bob,Cycling,2025-12-22,344,47
bob,Running,2025-12-23,472,32
bob,Swimming,2025-12-24,419,50
bob,Cycling,2025-12-24,355,40
bob,Weightlifting,2025-12-27,383,42
bob,Running,2025-12-28,373,28
bob,Yoga,2025-12-28,188,58
bob,Yoga,2025-12-31,227,45
bob,Yoga,2025-12-31,166,45
carol,Running,2025-01-01,453,41
carol,Cycling,2025-01-01,302,53
carol,Weightlifting,2025-01-01,390,60
carol,Yoga,2025-01-02,184,56
carol,Running,2025-01-02,451,33
carol,Yoga,2025-01-04,179,55
carol,Running,2025-01-04,446,27
carol,Running,2025-01-05,451,33
carol,Swimming,2025-01-05,440,47
carol,Running,2025-01-06,463,29
carol,Swimming,2025-01-07,446,44
carol,Cycling,2025-01-08,352,33
carol,Running,2025-01-10,461,42
carol,Weightlifting,2025-01-11,389,53
carol,Cycling,2025-01-13,305,34
carol,Running,2025-01-13,409,40
carol,Swimming,2025-01-13,404,31
carol,Weightlifting,2025-01-16,413,66
carol,Swimming,2025-01-16,438,45
carol,Swimming,2025-01-17,429,48
carol,Yoga,2025-01-17,222,51
carol,Cycling,2025-01-17,376,47
carol,Swimming,2025-01-18,437,34
carol,Weightlifting,2025-01-19,417,55
carol,Running,2025-01-21,418,41
carol,Swimming,2025-01-22,400,50
carol,Swimming,2025-01-23,457,38
carol,Cycling,2025-01-23,362,49
carol,Cycling,2025-01-26,322,38
carol,Yoga,2025-01-26,178,34
carol,Cycling,2025-01-27,326,58
carol,Running,2025-01-28,372,27
carol,Running,2025-01-29,361,35
carol,Cycling,2025-01-30,339,59
carol,Yoga,2025-02-01,209,43
carol,Running,2025-02-01,494,28
carol,Cycling,2025-02-01,344,38
carol,Weightlifting,2025-02-02,334,56
carol,Weightlifting,2025-02-02,352,50
carol,Weightlifting,2025-02-03,314,66
carol,Swimming,2025-02-04,496,53
carol,Running,2025-02-05,488,26
carol,Weightlifting,2025-02-05,376,58
carol,Weightlifting,2025-02-05,324,67
carol,Cycling,2025-02-06,357,52
carol,Cycling,2025-02-06,297,30
carol,Swimming,2025-02-06,482,31
carol,Weightlifting,2025-02-07,340,69
carol,Swimming,2025-02-07,400,54
carol,Weightlifting,2025-02-08,348,54
carol,Swimming,2025-02-08,439,51
carol,Running,2025-02-10,423,47
carol,Running,2025-02-10,497,37
carol,Yoga,2025-02-11,200,50
carol,Swimming,2025-02-11,412,48
carol,Yoga,2025-02-12,184,55
carol,Cycling,2025-02-12,371,32
carol,Weightlifting,2025-02-13,349,64
carol,Swimming,2025-02-14,489,37
carol,Weightlifting,2025-02-14,402,49
carol,Swimming,2025-02-15,462,31
carol,Swimming,2025-02-15,401,50
carol,Swimming,2025-02-16,410,50
carol,Running,2025-02-17,465,36
carol,Running,2025-02-19,373,37
carol,Swimming,2025-02-19,418,37
carol,Yoga,2025-02-20,213,44
carol,Swimming,2025-02-20,398,54
carol,Cycling,2025-02-24,379,36
carol,Running,2025-02-26,437,47
carol,Swimming,2025-02-26,453,32
carol,Cycling,2025-02-28,357,49
carol,Yoga,2025-02-28,175,43
carol,Cycling,2025-02-28,376,46
carol,Weightlifting,2025-02-28,417,65
carol,Running,2025-03-01,411,34
carol,Cycling,2025-03-02,287,51
carol,Running,2025-03-03,496,36
carol,Yoga,2025-03-05,190,51
carol,Swimming,2025-03-07,405,40
carol,Swimming,2025-03-08,450,48
carol,Cycling,2025-03-09,313,42
carol,Yoga,2025-03-11,152,46
carol,Weightlifting,2025-03-12,312,61
carol,Swimming,2025-03-13,468,41
carol,Running,2025-03-14,469,27
carol,Running,2025-03-14,491,42
carol,Swimming,2025-03-15,451,41
carol,Cycling,2025-03-15,318,58
carol,Swimming,2025-03-16,427,43
carol,Cycling,2025-03-16,310,33
carol,Yoga,2025-03-16,169,35
carol,Weightlifting,2025-03-17,415,56
carol,Cycling,2025-03-20,302,49
carol,Running,2025-03-20,387,44
carol,Weightlifting,2025-03-21,346,43
carol,Running,2025-03-22,425,38
carol,Swimming,2025-03-22,442,42
carol,Cycling,2025-03-22,317,49
carol,Weightlifting,2025-03-24,402,67
carol,Weightlifting,2025-03-25,352,50
carol,Yoga,2025-03-26,230,43
carol,Weightlifting,2025-03-26,380,57
carol,Weightlifting,2025-03-27,318,42
carol,Cycling,2025-03-28,348,39
carol,Yoga,2025-03-29,188,57
carol,Running,2025-03-29,466,44
carol,Yoga,2025-03-31,155,54
carol,Running,2025-03-31,378,44
carol,Swimming,2025-04-01,464,47
carol,Running,2025-04-02,379,33
carol,Swimming,2025-04-03,424,30
carol,Weightlifting,2025-04-03,335,54
carol,Running,2025-04-04,445,35
carol,Cycling,2025-04-04,353,38
carol,Yoga,2025-04-05,178,60
carol,Cycling,2025-04-06,294,30
carol,Running,2025-04-06,383,27
carol,Swimming,2025-04-06,458,38
carol,Yoga,2025-04-08,151,46
carol,Running,2025-04-08,487,37
carol,Swimming,2025-04-09,409,33
carol,Cycling,2025-04-09,321,36
carol,Cycling,2025-04-10,357,60
carol,Yoga,2025-04-12,198,42
carol,Weightlifting,2025-04-12,408,49
carol,Yoga,2025-04-13,230,36
carol,Weightlifting,2025-04-13,351,58
carol,Weightlifting,2025-04-16,389,44
carol,Yoga,2025-04-17,218,30
carol,Weightlifting,2025-04-18,301,48
carol,Running,2025-04-19,497,41
carol,Running,2025-04-19,453,28
carol,Running,2025-04-20,426,32
carol,Running,2025-04-22,486,37
carol,Swimming,2025-04-23,458,37
carol,Running,2025-04-23,447,45
carol,Weightlifting,2025-04-23,329,56
carol,Weightlifting,2025-04-24,305,58
carol,Swimming,2025-04-25,485,31
carol,Weightlifting,2025-04-26,359,48
carol,Weightlifting,2025-04-27,314,59
carol,Weightlifting,2025-04-30,309,61
carol,Swimming,2025-04-30,437,38
carol,Weightlifting,2025-05-01,314,43
carol,Weightlifting,2025-05-01,300,57
carol,Yoga,2025-05-03,212,50
carol,Yoga,2025-05-03,207,43
carol,Cycling,2025-05-04,299,46
carol,Cycling,2025-05-05,331,52
carol,Running,2025-05-05,461,28
carol,Cycling,2025-05-06,328,48
carol,Yoga,2025-05-07,211,36
carol,Running,2025-05-07,459,48
carol,Swimming,2025-05-08,493,48
carol,Yoga,2025-05-09,156,30
carol,Swimming,2025-05-12,451,47
carol,Yoga,2025-05-14,223,30
carol,Yoga,2025-05-14,166,44
carol,Weightlifting,2025-05-15,336,68
carol,Cycling,2025-05-16,367,50
carol,Running,2025-05-16,451,25
carol,Cycling,2025-05-16,338,39
carol,Cycling,2025-05-17,339,33
carol,Running,2025-05-17,387,26
carol,Swimming,2025-05-19,469,44
carol,Cycling,2025-05-19,369,49
carol,Yoga,2025-05-20,214,59
carol,Weightlifting,2025-05-21,344,57
carol,Cycling,2025-05-21,358,38
carol,Running,2025-05-22,392,50
carol,Running,2025-05-23,481,32
carol,Swimming,2025-05-23,477,42
carol,Yoga,2025-05-23,197,33
carol,Running,2025-05-24,382,40
carol,Yoga,2025-05-25,217,49
carol,Cycling,2025-05-26,370,55
carol,Weightlifting,2025-05-26,347,40
carol,Weightlifting,2025-05-27,309,62
carol,Cycling,2025-05-27,297,31
carol,Cycling,2025-06-01,346,43
carol,Yoga,2025-06-02,188,37
carol,Cycling,2025-06-03,330,49
carol,Weightlifting,2025-06-04,399,46
carol,Weightlifting,2025-06-05,333,44
carol,Yoga,2025-06-06,153,54
carol,Cycling,2025-06-07,375,57
carol,Weightlifting,2025-06-07,391,51
carol,Swimming,2025-06-10,482,51
carol,Yoga,2025-06-12,198,60
carol,Cycling,2025-06-16,379,33
carol,Cycling,2025-06-16,282,47
carol,Yoga,2025-06-17,155,36
carol,Yoga,2025-06-17,155,32
carol,Cycling,2025-06-17,367,48
carol,Yoga,2025-06-18,198,50
carol,Yoga,2025-06-18,198,55
carol,Weightlifting,2025-06-19,360,40
carol,Running,2025-06-20,447,37
carol,Cycling,2025-06-22,281,53
carol,Weightlifting,2025-06-22,375,43
carol,Cycling,2025-06-23,344,45
carol,Running,2025-06-24,479,45
carol,Cycling,2025-06-26,375,53
carol,Weightlifting,2025-06-26,312,53
carol,Yoga,2025-06-27,224,41
carol,Weightlifting,2025-06-28,414,52
carol,Running,2025-06-29,455,28
carol,Weightlifting,2025-06-30,300,59
carol,Running,2025-06-30,486,43
carol,Yoga,2025-07-01,223,49
carol,Swimming,2025-07-01,460,46
carol,Swimming,2025-07-02,475,30
carol,Running,2025-07-03,470,41
carol,Cycling,2025-07-04,286,38
carol,Swimming,2025-07-08,395,55
carol,Cycling,2025-07-08,290,43
carol,Yoga,2025-07-10,191,57
carol,Cycling,2025-07-11,329,32
carol,Cycling,2025-07-16,280,38
carol,Swimming,2025-07-16,396,33
carol,Running,2025-07-16,359,48
carol,Weightlifting,2025-07-16,387,46
carol,Yoga,2025-07-20,199,49
carol,Yoga,2025-07-23,195,31
carol,Running,2025-07-23,403,30
carol,Swimming,2025-07-24,473,41
carol,Cycling,2025-07-24,310,60
carol,Yoga,2025-07-27,204,48
carol,Weightlifting,2025-07-27,310,51
carol,Running,2025-07-27,358,27
carol,Yoga,2025-07-28,151,47
carol,Yoga,2025-07-29,189,51
carol,Running,2025-07-30,391,35
carol,Swimming,2025-08-02,466,33
carol,Running,2025-08-02,447,37
carol,Swimming,2025-08-03,476,42
carol,Weightlifting,2025-08-03,410,59
carol,Swimming,2025-08-05,439,35
carol,Yoga,2025-08-05,213,50
carol,Yoga,2025-08-06,188,50
carol,Weightlifting,2025-08-07,318,62
carol,Cycling,2025-08-09,368,48
carol,Running,2025-08-11,452,41
carol,Yoga,2025-08-11,188,59
carol,Swimming,2025-08-12,397,35
carol,Cycling,2025-08-12,370,44
carol,Swimming,2025-08-13,490,32
carol,Yoga,2025-08-13,161,39
carol,Yoga,2025-08-13,194,55
carol,Running,2025-08-13,474,47
carol,Yoga,2025-08-14,155,54
carol,Swimming,2025-08-14,448,40
carol,Yoga,2025-08-15,170,32
carol,Running,2025-08-16,444,31
carol,Yoga,2025-08-17,212,54
carol,Running,2025-08-19,448,41
carol,Cycling,2025-08-19,303,40
carol,Weightlifting,2025-08-21,341,46
carol,Cycling,2025-08-21,295,60
carol,Cycling,2025-08-24,283,32
carol,Weightlifting,2025-08-26,331,64
carol,Cycling,2025-08-26,337,39
carol,Cycling,2025-08-26,315,41
carol,Yoga,2025-08-26,214,37
carol,Cycling,2025-08-29,336,32
carol,Weightlifting,2025-08-29,408,43
carol,Weightlifting,2025-08-30,389,57
carol,Swimming,2025-08-31,399,51
carol,Cycling,2025-08-31,329,45
carol,Weightlifting,2025-09-02,388,67
carol,Weightlifting,2025-09-03,383,48
carol,Yoga,2025-09-03,198,33
carol,Running,2025-09-03,440,42
carol,Yoga,2025-09-05,218,54
carol,Weightlifting,2025-09-05,348,58
carol,Running,2025-09-05,359,43
carol,Cycling,2025-09-06,307,40
carol,Yoga,2025-09-06,153,39
carol,Running,2025-09-07,406,49
carol,Cycling,2025-09-08,368,52
carol,Cycling,2025-09-09,361,57
carol,Cycling,2025-09-12,343,52
carol,Yoga,2025-09-12,230,32
carol,Cycling,2025-09-13,377,35
carol,Swimming,2025-09-15,494,38
carol,Running,2025-09-17,428,34
carol,Cycling,2025-09-18,346,49
carol,Cycling,2025-09-18,301,53
carol,Running,2025-09-19,429,27
carol,Cycling,2025-09-19,339,46
carol,Weightlifting,2025-09-19,323,64
carol,Running,2025-09-19,420,42
carol,Swimming,2025-09-21,453,38
carol,Weightlifting,2025-09-21,373,40
carol,Cycling,2025-09-21,368,57
carol,Yoga,2025-09-22,156,52
carol,Cycling,2025-09-23,324,60
carol,Weightlifting,2025-09-24,400,46
carol,Weightlifting,2025-09-25,403,40
carol,Weightlifting,2025-09-25,366,42
carol,Swimming,2025-09-26,447,43
carol,Weightlifting,2025-09-27,362,56
carol,Running,2025-09-27,399,43
carol,Yoga,2025-09-28,162,58
carol,Swimming,2025-09-29,388,48
carol,Cycling,2025-09-29,299,54
carol,Swimming,2025-09-30,463,53
carol,Yoga,2025-10-02,201,51
carol,Running,2025-10-04,479,49
carol,Cycling,2025-10-04,282,30
carol,Yoga,2025-10-05,192,44
carol,Swimming,2025-10-06,400,44
carol,Swimming,2025-10-06,450,54
carol,Running,2025-10-06,496,46
carol,Weightlifting,2025-10-06,386,63
carol,Swimming,2025-10-09,470,32
carol,Weightlifting,2025-10-09,352,68
carol,Cycling,2025-10-10,374,44
carol,Weightlifting,2025-10-11,389,49
carol,Yoga,2025-10-11,197,45
carol,Swimming,2025-10-11,421,32
carol,Weightlifting,2025-10-12,389,70
carol,Running,2025-10-13,413,28
carol,Running,2025-10-13,434,28
carol,Swimming,2025-10-13,478,31
carol,Swimming,2025-10-14,402,50
carol,Yoga,2025-10-14,188,45
carol,Yoga,2025-10-15,226,48
carol,Swimming,2025-10-15,419,44
carol,Weightlifting,2025-10-16,346,43
carol,Yoga,2025-10-16,222,34
carol,Yoga,2025-10-17,165,55
carol,Running,2025-10-18,352,34
carol,Yoga,2025-10-19,204,39
carol,Swimming,2025-10-19,396,42
carol,Swimming,2025-10-19,454,47
carol,Swimming,2025-10-19,430,53
carol,Weightlifting,2025-10-21,397,42
carol,Weightlifting,2025-10-22,414,68
carol,Running,2025-10-23,484,49
carol,Weightlifting,2025-10-23,328,64
carol,Swimming,2025-10-24,487,48
carol,Weightlifting,2025-10-25,362,50
carol,Running,2025-10-25,400,48
carol,Yoga,2025-10-26,224,36
carol,Cycling,2025-10-28,293,49
carol,Weightlifting,2025-10-29,328,68
carol,Running,2025-11-01,373,44
carol,Swimming,2025-11-02,423,38
carol,Cycling,2025-11-02,380,58
carol,Swimming,2025-11-02,479,48
carol,Cycling,2025-11-02,284,52
carol,Cycling,2025-11-03,284,55
carol,Weightlifting,2025-11-03,335,67
carol,Swimming,2025-11-05,419,44
carol,Yoga,2025-11-05,219,53
carol,Swimming,2025-11-06,473,43
carol,Swimming,2025-11-06,470,38
carol,Running,2025-11-07,405,39
carol,Weightlifting,2025-11-08,318,59
carol,Yoga,2025-11-08,199,43
carol,Yoga,2025-11-09,174,35
carol,Running,2025-11-09,421,41
carol,Running,2025-11-10,499,25
carol,Swimming,2025-11-13,407,54
carol,Cycling,2025-11-13,286,42
carol,Swimming,2025-11-15,494,44
carol,Cycling,2025-11-16,318,49
carol,Yoga,2025-11-17,153,54
carol,Yoga,2025-11-19,183,31
carol,Weightlifting,2025-11-19,414,43
carol,Yoga,2025-11-19,173,43
carol,Swimming,2025-11-20,431,31
carol,Weightlifting,2025-11-20,310,68
carol,Cycling,2025-11-21,289,46
carol,Cycling,2025-11-21,328,52
carol,Swimming,2025-11-21,474,52
carol,Running,2025-11-22,414,31
carol,Weightlifting,2025-11-22,325,55
carol,Yoga,2025-11-23,198,56
carol,Running,2025-11-23,369,46
carol,Weightlifting,2025-11-23,300,64
carol,Weightlifting,2025-11-23,395,69
carol,Swimming,2025-11-23,451,55
carol,Yoga,2025-11-26,193,56
carol,Yoga,2025-11-26,225,38
carol,Cycling,2025-11-27,311,38
carol,Cycling,2025-11-28,373,44
carol,Running,2025-11-29,354,34
carol,Cycling,2025-12-02,315,32
carol,Running,2025-12-04,374,41
carol,Weightlifting,2025-12-05,344,41
carol,Yoga,2025-12-06,188,43
carol,Swimming,2025-12-07,390,41
carol,Yoga,2025-12-07,166,41
carol,Yoga,2025-12-08,217,30
carol,Cycling,2025-12-08,367,37
carol,Running,2025-12-08,387,26
carol,Running,2025-12-08,366,34
carol,Cycling,2025-12-10,280,30
carol,Cycling,2025-12-10,294,35
carol,Yoga,2025-12-10,215,44
carol,Yoga,2025-12-10,208,54
carol,Yoga,2025-12-11,226,54
carol,Weightlifting,2025-12-12,313,59
carol,Weightlifting,2025-12-14,314,49
carol,Yoga,2025-12-16,204,45
carol,Swimming,2025-12-17,495,55
carol,Running,2025-12-18,373,30
carol,Yoga,2025-12-18,163,39
carol,Swimming,2025-12-19,400,38
carol,Running,2025-12-20,487,49
carol,Cycling,2025-12-20,359,44
carol,Swimming,2025-12-20,398,31
carol,Running,2025-12-20,498,40
carol,Weightlifting,2025-12-22,317,43
carol,Yoga,2025-12-23,157,34
carol,Swimming,2025-12-23,487,45
carol,Weightlifting,2025-12-23,375,61
carol,Swimming,2025-12-24,414,51
carol,Yoga,2025-12-25,153,52
carol,Running,2025-12-26,396,33
carol,Yoga,2025-12-26,216,41
carol,Yoga,2025-12-27,175,41
carol,Cycling,2025-12-29,295,30
carol,Cycling,2025-12-29,306,47
carol,Running,2025-12-30,434,39
carol,Swimming,2025-12-31,413,50
david,Cycling,2025-01-02,283,55
david,Weightlifting,2025-01-03,361,52
david,Weightlifting,2025-01-04,413,59
david,Yoga,2025-01-07,159,46
david,Yoga,2025-01-09,188,45
david,Yoga,2025-01-10,222,50
david,Swimming,2025-01-11,394,42
david,Weightlifting,2025-01-16,405,61
david,Swimming,2025-01-17,439,52
david,Cycling,2025-01-17,347,57
david,Weightlifting,2025-01-17,358,41
david,Weightlifting,2025-01-18,300,63
david,Yoga,2025-01-19,210,38
david,Weightlifting,2025-01-19,349,63
david,Running,2025-01-20,385,26
david,Running,2025-01-21,375,30
david,Swimming,2025-01-21,439,49
david,Swimming,2025-01-22,447,51
david,Swimming,2025-01-22,450,45
david,Swimming,2025-01-23,388,39
david,Swimming,2025-01-23,403,44
david,Yoga,2025-01-23,203,41
david,Running,2025-01-24,374,49
david,Weightlifting,2025-01-24,417,54
david,Cycling,2025-01-26,339,35
david,Cycling,2025-01-26,298,33
david,Weightlifting,2025-01-27,343,45
david,Swimming,2025-01-27,466,49
david,Swimming,2025-01-27,385,42
david,Yoga,2025-01-27,171,48
david,Running,2025-01-29,480,39
david,Cycling,2025-01-29,349,36
david,Weightlifting,2025-01-29,370,55
david,Yoga,2025-01-29,197,56
david,Running,2025-01-29,359,35
david,Yoga,2025-01-29,170,46
david,Swimming,2025-01-29,490,48
david,Yoga,2025-01-31,164,53
david,Yoga,2025-02-01,179,47
david,Weightlifting,2025-02-01,310,42
david,Running,2025-02-02,424,31
david,Running,2025-02-03,459,42
david,Running,2025-02-04,354,43
david,Yoga,2025-02-05,154,49
david,Swimming,2025-02-05,486,52
david,Weightlifting,2025-02-05,355,52
david,Yoga,2025-02-06,223,42
david,Cycling,2025-02-07,295,34
david,Yoga,2025-02-08,151,33
david,Cycling,2025-02-09,316,60
david,Weightlifting,2025-02-09,326,51
david,Yoga,2025-02-10,201,46
david,Yoga,2025-02-10,150,58
david,Weightlifting,2025-02-10,328,48
david,Weightlifting,2025-02-12,362,45
david,Cycling,2025-02-12,296,40
david,Cycling,2025-02-13,356,52
david,Yoga,2025-02-13,220,60
david,Cycling,2025-02-14,371,44
david,Yoga,2025-02-14,166,49
david,Weightlifting,2025-02-14,365,50
david,Cycling,2025-02-14,355,49
david,Yoga,2025-02-15,169,41
david,Yoga,2025-02-15,183,34
david,Swimming,2025-02-16,465,51
david,Weightlifting,2025-02-17,401,40
david,Yoga,2025-02-18,182,32
david,Yoga,2025-02-20,213,53
david,Running,2025-02-22,435,25
david,Swimming,2025-02-25,448,30
david,Cycling,2025-02-25,362,45
david,Yoga,2025-02-26,208,32
david,Yoga,2025-02-27,197,52
david,Yoga,2025-03-01,153,45
david,Swimming,2025-03-02,460,35
david,Yoga,2025-03-05,157,56
david,Cycling,2025-03-07,339,59
david,Cycling,2025-03-10,360,60
david,Weightlifting,2025-03-10,411,63
david,Running,2025-03-10,352,40
david,Cycling,2025-03-11,348,37
david,Cycling,2025-03-15,323,49
david,Cycling,2025-03-15,362,51
david,Cycling,2025-03-15,334,36
david,Weightlifting,2025-03-16,404,51
david,Weightlifting,2025-03-17,365,48
david,Weightlifting,2025-03-18,325,44
david,Swimming,2025-03-20,487,43
david,Cycling,2025-03-21,362,51
david,Cycling,2025-03-22,302,36
david,Yoga,2025-03-23,228,60
david,Weightlifting,2025-03-25,393,53
david,Running,2025-03-27,375,39
david,Weightlifting,2025-03-27,413,43
david,Swimming,2025-03-28,406,54
david,Cycling,2025-03-29,296,46
david,Yoga,2025-03-29,198,31
david,Yoga,2025-03-30,198,40
david,Swimming,2025-03-30,449,51
david,Cycling,2025-04-01,357,33
david,Swimming,2025-04-01,462,36
david,Running,2025-04-02,417,41
david,Swimming,2025-04-02,429,34
david,Running,2025-04-02,351,25
david,Running,2025-04-02,423,38
david,Running,2025-04-03,460,44
david,Running,2025-04-03,423,38
david,Running,2025-04-03,489,40
david,Cycling,2025-04-05,318,42
david,Cycling,2025-04-05,370,42
david,Swimming,2025-04-05,469,48
david,Cycling,2025-04-06,325,36
david,Yoga,2025-04-06,167,36
david,Yoga,2025-04-06,183,40
david,Weightlifting,2025-04-07,419,50
david,Cycling,2025-04-09,297,31
david,Cycling,2025-04-09,294,34
david,Swimming,2025-04-10,397,44
david,Swimming,2025-04-11,455,45
david,Running,2025-04-11,415,44
david,Weightlifting,2025-04-11,383,58
david,Running,2025-04-15,407,47
david,Yoga,2025-04-16,152,37
david,Cycling,2025-04-16,335,57
david,Swimming,2025-04-19,403,45
david,Weightlifting,2025-04-20,356,61
david,Swimming,2025-04-21,415,34
david,Running,2025-04-22,357,27
david,Cycling,2025-04-22,304,39
david,Yoga,2025-04-23,201,41
david,Swimming,2025-04-24,475,40
david,Running,2025-04-24,366,33
david,Running,2025-04-24,419,38
david,Weightlifting,2025-04-25,329,70
david,Yoga,2025-04-26,181,52
david,Yoga,2025-04-28,198,56
david,Cycling,2025-04-28,364,33
david,Running,2025-04-30,373,26
david,Running,2025-05-01,382,27
david,Weightlifting,2025-05-02,398,52
david,Cycling,2025-05-07,313,34
david,Cycling,2025-05-07,280,40
david,Yoga,2025-05-14,195,39
david,Weightlifting,2025-05-14,305,42
david,Weightlifting,2025-05-14,373,40
david,Running,2025-05-14,391,47
david,Cycling,2025-05-16,289,45
david,Weightlifting,2025-05-16,414,61
david,Weightlifting,2025-05-18,380,70
david,Swimming,2025-05-20,469,42
david,Yoga,2025-05-22,196,49
david,Cycling,2025-05-22,283,33
david,Cycling,2025-05-23,334,35
david,Swimming,2025-05-23,415,32
david,Yoga,2025-05-23,206,59
david,Swimming,2025-05-25,449,53
david,Swimming,2025-05-26,409,37
david,Swimming,2025-05-28,384,37
david,Weightlifting,2025-05-28,383,46
david,Running,2025-05-30,444,31
david,Swimming,2025-05-30,386,39
david,Yoga,2025-06-03,180,45
david,Cycling,2025-06-04,297,38
david,Swimming,2025-06-04,407,44
david,Yoga,2025-06-04,161,50
david,Yoga,2025-06-04,170,47
david,Running,2025-06-04,450,33
david,Weightlifting,2025-06-05,317,60
david,Running,2025-06-07,378,36
david,Running,2025-06-09,423,44
david,Cycling,2025-06-09,323,43
david,Swimming,2025-06-10,473,55
david,Running,2025-06-10,430,38
david,Yoga,2025-06-11,208,34
david,Running,2025-06-11,448,39
david,Cycling,2025-06-12,306,51
david,Yoga,2025-06-14,227,50
david,Swimming,2025-06-14,424,36
david,Cycling,2025-06-15,343,38
david,Weightlifting,2025-06-15,405,63
david,Yoga,2025-06-20,195,39
david,Weightlifting,2025-06-20,418,66
david,Running,2025-06-24,360,41
david,Running,2025-06-25,352,47
david,Yoga,2025-06-25,216,54
david,Yoga,2025-06-25,183,47
david,Weightlifting,2025-06-26,387,56
david,Yoga,2025-06-26,213,31
david,Yoga,2025-06-26,214,34
david,Swimming,2025-06-26,419,48
david,Cycling,2025-06-26,306,48
david,Yoga,2025-06-27,154,46
david,Running,2025-06-28,406,39
david,Cycling,2025-06-28,316,54
david,Cycling,2025-06-29,368,44
david,Cycling,2025-06-30,307,48
david,Weightlifting,2025-06-30,321,63
david,Swimming,2025-07-01,400,41
david,Yoga,2025-07-01,193,47
david,Running,2025-07-01,356,27
david,Running,2025-07-03,495,42
david,Yoga,2025-07-04,154,55
david,Yoga,2025-07-05,196,30
david,Swimming,2025-07-05,493,44
david,Cycling,2025-07-07,313,53
david,Weightlifting,2025-07-08,304,41
david,Weightlifting,2025-07-09,343,45
david,Swimming,2025-07-09,497,36
david,Swimming,2025-07-09,430,51
david,Cycling,2025-07-10,333,52
david,Swimming,2025-07-10,386,32
david,Yoga,2025-07-12,181,40
david,Yoga,2025-07-13,165,59
david,Swimming,2025-07-13,443,48
david,Yoga,2025-07-13,152,40
david,Running,2025-07-14,396,36
david,Yoga,2025-07-15,158,42
david,Weightlifting,2025-07-15,313,47
david,Cycling,2025-07-15,291,53
david,Running,2025-07-16,372,33
david,Yoga,2025-07-17,215,33
david,Weightlifting,2025-07-17,395,54
david,Weightlifting,2025-07-18,305,60
david,Weightlifting,2025-07-19,340,40
david,Cycling,2025-07-21,380,35
david,Cycling,2025-07-21,335,31
david,Running,2025-07-23,428,50
david,Swimming,2025-07-24,485,44
david,Yoga,2025-07-24,156,47
david,Swimming,2025-07-27,471,42
david,Running,2025-07-28,475,44
david,Cycling,2025-07-28,345,37
david,Weightlifting,2025-07-30,321,47
david,Weightlifting,2025-08-01,377,54
david,Running,2025-08-01,442,42
david,Yoga,2025-08-02,190,52
david,Swimming,2025-08-06,408,35
david,Weightlifting,2025-08-06,336,45
david,Cycling,2025-08-07,353,34
david,Cycling,2025-08-08,297,55
david,Weightlifting,2025-08-09,338,40
david,Running,2025-08-10,393,43
david,Running,2025-08-11,440,44
david,Cycling,2025-08-11,357,58
david,Yoga,2025-08-12,212,31
david,Swimming,2025-08-13,440,33
david,Cycling,2025-08-16,290,44
david,Yoga,2025-08-16,184,47
david,Swimming,2025-08-16,451,33
david,Cycling,2025-08-17,340,36
david,Yoga,2025-08-18,186,54
david,Running,2025-08-18,423,50
david,Weightlifting,2025-08-19,302,67
david,Swimming,2025-08-20,436,46
david,Yoga,2025-08-20,182,41
david,Running,2025-08-21,449,33
david,Swimming,2025-08-21,422,49
david,Yoga,2025-08-21,224,30
david,Cycling,2025-08-22,345,43
david,Running,2025-08-22,448,34
david,Yoga,2025-08-23,228,36
david,Running,2025-08-24,389,25
david,Swimming,2025-08-27,465,30
david,Swimming,2025-08-28,434,43
david,Swimming,2025-08-29,486,32
david,Cycling,2025-08-29,377,52
david,Weightlifting,2025-08-29,365,68
david,Yoga,2025-08-29,219,48
david,Cycling,2025-09-01,375,57
david,Running,2025-09-02,397,29
david,Running,2025-09-03,464,44
david,Cycling,2025-09-04,368,59
david,Running,2025-09-04,442,43
david,Cycling,2025-09-05,337,47
david,Swimming,2025-09-05,433,39
david,Cycling,2025-09-06,314,43
david,Swimming,2025-09-06,429,50
david,Swimming,2025-09-07,479,39
david,Yoga,2025-09-08,193,38
david,Running,2025-09-08,381,33
david,Cycling,2025-09-09,289,54
david,Running,2025-09-09,420,27
david,Cycling,2025-09-12,317,51
david,Running,2025-09-12,402,35
david,Yoga,2025-09-13,196,31
david,Yoga,2025-09-13,214,34
david,Running,2025-09-13,395,38
david,Swimming,2025-09-15,479,42
david,Running,2025-09-16,373,37
david,Running,2025-09-16,498,28
david,Running,2025-09-16,360,40
david,Cycling,2025-09-18,292,36
david,Yoga,2025-09-19,213,47
david,Weightlifting,2025-09-20,371,57
david,Weightlifting,2025-09-22,414,54
david,Running,2025-09-23,401,46
david,Weightlifting,2025-09-25,391,67
david,Yoga,2025-09-26,230,50
david,Cycling,2025-09-28,371,31
david,Cycling,2025-09-28,370,46
david,Cycling,2025-09-29,339,51
david,Swimming,2025-09-29,393,36
david,Weightlifting,2025-09-29,333,44
david,Yoga,2025-09-30,226,31
david,Swimming,2025-09-30,499,50
david,Swimming,2025-10-02,432,33
david,Yoga,2025-10-02,203,60
david,Yoga,2025-10-02,182,38
david,Running,2025-10-03,483,50
david,Swimming,2025-10-05,484,38
david,Swimming,2025-10-07,399,30
david,Weightlifting,2025-10-08,348,43
david,Swimming,2025-10-08,400,31
david,Cycling,2025-10-09,289,44
david,Swimming,2025-10-09,464,42
david,Running,2025-10-09,402,33
david,Cycling,2025-10-10,340,48
david,Cycling,2025-10-12,327,47
david,Swimming,2025-10-12,433,35
david,Cycling,2025-10-13,332,47
david,Swimming,2025-10-13,410,36
david,Yoga,2025-10-15,199,59
david,Swimming,2025-10-15,402,52
david,Weightlifting,2025-10-16,360,48
david,Yoga,2025-10-17,212,41
david,Swimming,2025-10-18,412,47
david,Weightlifting,2025-10-19,397,43
david,Cycling,2025-10-20,349,34
david,Cycling,2025-10-20,310,33
david,Swimming,2025-10-21,500,54
david,Weightlifting,2025-10-22,413,60
david,Weightlifting,2025-10-22,376,44
david,Weightlifting,2025-10-22,396,59
david,Swimming,2025-10-22,395,51
david,Running,2025-10-22,445,41
david,Weightlifting,2025-10-24,408,55
david,Yoga,2025-10-26,180,45
david,Running,2025-10-26,402,47
david,Swimming,2025-10-27,427,38
david,Cycling,2025-10-29,373,51
david,Swimming,2025-10-30,481,38
david,Weightlifting,2025-10-30,361,46
david,Running,2025-10-30,395,39
david,Weightlifting,2025-10-31,405,63
david,Cycling,2025-10-31,370,49
david,Swimming,2025-11-01,435,50
david,Cycling,2025-11-01,360,34
david,Cycling,2025-11-03,290,39
david,Swimming,2025-11-03,457,51
david,Cycling,2025-11-05,297,43
david,Swimming,2025-11-05,440,51
david,Cycling,2025-11-06,289,40
david,Yoga,2025-11-07,208,34
david,Weightlifting,2025-11-09,367,56
david,Yoga,2025-11-09,206,35
david,Weightlifting,2025-11-09,403,45
david,Running,2025-11-09,475,31
david,Cycling,2025-11-10,351,58
david,Cycling,2025-11-10,346,54
david,Weightlifting,2025-11-10,365,58
david,Weightlifting,2025-11-11,303,63
david,Swimming,2025-11-11,482,47
david,Yoga,2025-11-13,226,55
david,Swimming,2025-11-14,451,54
david,Yoga,2025-11-18,153,45
david,Weightlifting,2025-11-19,309,58
david,Yoga,2025-11-20,218,30
david,Yoga,2025-11-21,187,60
david,Weightlifting,2025-11-22,323,55
david,Swimming,2025-11-23,476,37
david,Yoga,2025-11-24,205,46
david,Cycling,2025-11-24,306,34
david,Yoga,2025-11-25,162,49
david,Cycling,2025-11-25,290,34
david,Swimming,2025-11-26,492,55
david,Weightlifting,2025-11-27,331,45
david,Yoga,2025-11-27,193,50
david,Running,2025-11-27,476,44
david,Running,2025-11-29,433,42
david,Weightlifting,2025-11-30,384,65
david,Running,2025-11-30,379,45
david,Weightlifting,2025-11-30,305,49
david,Swimming,2025-12-01,395,45
david,Running,2025-12-01,477,29
david,Swimming,2025-12-01,462,54
david,Swimming,2025-12-03,412,53
david,Weightlifting,2025-12-03,388,52
david,Cycling,2025-12-04,292,33
david,Running,2025-12-04,374,49
david,Weightlifting,2025-12-06,369,46
david,Cycling,2025-12-07,369,59
david,Swimming,2025-12-10,425,34
david,Weightlifting,2025-12-11,406,70
david,Running,2025-12-12,497,36
david,Weightlifting,2025-12-13,366,61
david,Swimming,2025-12-14,445,55
david,Swimming,2025-12-14,483,53
david,Yoga,2025-12-15,224,44
david,Weightlifting,2025-12-16,348,42
david,Weightlifting,2025-12-16,303,52
david,Yoga,2025-12-16,179,42
david,Swimming,2025-12-17,458,30
david,Running,2025-12-17,466,34
david,Cycling,2025-12-17,327,48
david,Swimming,2025-12-17,399,34
david,Cycling,2025-12-18,326,33
david,Swimming,2025-12-18,400,42
david,Running,2025-12-20,451,35
david,Swimming,2025-12-21,478,43
david,Cycling,2025-12-22,358,39
david,Yoga,2025-12-22,193,47
david,Cycling,2025-12-23,294,34
david,Cycling,2025-12-23,345,55
david,Swimming,2025-12-23,455,55
david,Weightlifting,2025-12-23,414,65
david,Cycling,2025-12-24,338,33
david,Yoga,2025-12-25,207,38
david,Cycling,2025-12-26,314,35
david,Running,2025-12-26,402,42
david,Yoga,2025-12-26,155,37
david,Swimming,2025-12-29,461,44
david,Swimming,2025-12-29,390,46
david,Cycling,2025-12-30,328,46
david,Cycling,2025-12-30,291,40
david,Swimming,2025-12-31,450,33
david,Yoga,2025-12-31,186,50
david,Yoga,2025-12-31,216,39
david,Cycling,2025-12-31,317,53
emma,Weightlifting,2025-01-03,332,46
emma,Cycling,2025-01-03,353,58
emma,Weightlifting,2025-01-05,340,62
emma,Running,2025-01-07,433,37
emma,Weightlifting,2025-01-09,384,55
emma,Weightlifting,2025-01-09,399,45
emma,Weightlifting,2025-01-10,324,50
emma,Weightlifting,2025-01-10,393,45
emma,Yoga,2025-01-11,214,47
emma,Yoga,2025-01-11,203,38
emma,Swimming,2025-01-14,479,52
emma,Weightlifting,2025-01-14,325,43
emma,Yoga,2025-01-15,198,40
emma,Swimming,2025-01-15,438,52
emma,Swimming,2025-01-16,438,50
emma,Yoga,2025-01-16,211,52
emma,Running,2025-01-17,406,34
emma,Yoga,2025-01-17,152,60
emma,Cycling,2025-01-19,306,53
emma,Weightlifting,2025-01-19,354,60
emma,Cycling,2025-01-20,348,53
emma,Yoga,2025-01-21,181,60
emma,Running,2025-01-24,435,39
emma,Running,2025-01-24,491,27
emma,Yoga,2025-01-25,156,49
emma,Yoga,2025-01-26,225,38
emma,Swimming,2025-01-26,449,44
emma,Weightlifting,2025-01-27,332,68
emma,Yoga,2025-01-27,179,53
emma,Cycling,2025-01-29,367,40
emma,Running,2025-01-29,496,29
emma,Yoga,2025-01-29,215,60
emma,Running,2025-01-31,415,30
emma,Yoga,2025-02-01,210,57
emma,Yoga,2025-02-03,189,35
emma,Cycling,2025-02-03,341,42
emma,Running,2025-02-04,424,46
emma,Cycling,2025-02-04,344,48
emma,Yoga,2025-02-07,155,57
emma,Cycling,2025-02-07,300,44
emma,Weightlifting,2025-02-08,334,41
emma,Swimming,2025-02-10,421,33
emma,Yoga,2025-02-11,213,44
emma,Yoga,2025-02-14,188,40
emma,Weightlifting,2025-02-14,386,61
emma,Cycling,2025-02-14,316,52
emma,Cycling,2025-02-15,342,55
emma,Yoga,2025-02-16,150,56
emma,Cycling,2025-02-17,337,41
emma,Yoga,2025-02-18,223,34
emma,Weightlifting,2025-02-20,341,58
emma,Cycling,2025-02-22,292,44
emma,Yoga,2025-02-22,200,48
emma,Yoga,2025-02-22,166,46
emma,Swimming,2025-02-23,499,51
emma,Yoga,2025-02-24,162,59
emma,Swimming,2025-02-26,482,35
emma,Swimming,2025-02-26,493,31
emma,Weightlifting,2025-02-27,334,46
emma,Weightlifting,2025-02-27,358,55
emma,Yoga,2025-02-28,165,39
emma,Swimming,2025-02-28,478,30
emma,Running,2025-02-28,366,34
emma,Weightlifting,2025-03-01,318,48
emma,Yoga,2025-03-02,157,45
emma,Running,2025-03-02,392,45
emma,Yoga,2025-03-05,186,44
emma,Weightlifting,2025-03-05,381,69
emma,Yoga,2025-03-07,168,43
emma,Cycling,2025-03-07,373,56
emma,Running,2025-03-09,352,40
emma,Running,2025-03-09,454,31
emma,Yoga,2025-03-10,213,58
emma,Yoga,2025-03-10,160,51
emma,Swimming,2025-03-13,429,54
emma,Yoga,2025-03-15,180,52
emma,Cycling,2025-03-16,335,59
emma,Running,2025-03-16,397,35
emma,Weightlifting,2025-03-18,383,64
emma,Weightlifting,2025-03-18,306,46
emma,Swimming,2025-03-20,468,48
emma,Weightlifting,2025-03-20,398,57
emma,Weightlifting,2025-03-21,375,63
emma,Cycling,2025-03-21,288,46
emma,Swimming,2025-03-22,494,39
emma,Swimming,2025-03-23,483,30
emma,Cycling,2025-03-24,299,41
emma,Running,2025-03-24,422,27
emma,Cycling,2025-03-24,318,35
emma,Cycling,2025-03-25,310,57
emma,Yoga,2025-03-27,207,43
emma,Weightlifting,2025-03-28,401,68
emma,Cycling,2025-03-28,353,46
emma,Yoga,2025-03-28,179,49
emma,Yoga,2025-03-30,210,31
emma,Running,2025-03-31,426,33
emma,Weightlifting,2025-04-01,418,56
emma,Swimming,2025-04-03,429,38
emma,Cycling,2025-04-04,354,56
emma,Cycling,2025-04-05,294,52
emma,Weightlifting,2025-04-07,352,41
emma,Swimming,2025-04-08,408,50
emma,Running,2025-04-08,448,46
emma,Weightlifting,2025-04-11,337,44
emma,Cycling,2025-04-12,291,44
emma,Weightlifting,2025-04-13,320,66
emma,Running,2025-04-13,394,31
emma,Yoga,2025-04-14,178,32
emma,Swimming,2025-04-15,499,38
emma,Cycling,2025-04-16,380,36
emma,Running,2025-04-17,375,49
emma,Yoga,2025-04-17,223,55
emma,Running,2025-04-18,427,34
emma,Running,2025-04-18,468,47
emma,Cycling,2025-04-20,352,47
emma,Cycling,2025-04-20,321,56
emma,Cycling,2025-04-20,353,45
emma,Weightlifting,2025-04-22,372,69
emma,Running,2025-04-22,476,32
emma,Yoga,2025-04-23,227,58
emma,Running,2025-04-23,464,36
emma,Yoga,2025-04-24,174,40
emma,Weightlifting,2025-04-26,330,67
emma,Cycling,2025-04-26,376,53
emma,Swimming,2025-04-26,467,44
emma,Cycling,2025-04-27,335,44
emma,Yoga,2025-04-27,230,51
emma,Swimming,2025-04-28,383,32
emma,Running,2025-04-28,477,34
emma,Cycling,2025-04-28,336,35
emma,Cycling,2025-04-28,353,51
emma,Cycling,2025-04-28,353,47
emma,Running,2025-04-30,382,40
emma,Cycling,2025-04-30,336,31
emma,Swimming,2025-05-01,391,54
emma,Running,2025-05-01,363,35
emma,Running,2025-05-01,466,35
emma,Running,2025-05-02,497,40
emma,Swimming,2025-05-02,443,32
emma,Cycling,2025-05-03,330,59
emma,Swimming,2025-05-03,479,49
emma,Swimming,2025-05-05,474,49
emma,Running,2025-05-05,451,50
emma,Yoga,2025-05-05,217,37
emma,Weightlifting,2025-05-05,330,59
emma,Cycling,2025-05-07,300,33
emma,Yoga,2025-05-08,160,33
emma,Cycling,2025-05-11,327,35
emma,Running,2025-05-11,458,29
emma,Cycling,2025-05-12,339,52
emma,Cycling,2025-05-14,319,35
emma,Swimming,2025-05-16,382,35
emma,Cycling,2025-05-17,362,34
emma,Swimming,2025-05-17,422,38
emma,Running,2025-05-19,425,38
emma,Cycling,2025-05-21,332,39
emma,Cycling,2025-05-26,324,39
emma,Cycling,2025-05-27,371,47
emma,Yoga,2025-05-28,204,33
emma,Running,2025-05-28,417,32
emma,Running,2025-05-29,406,38
emma,Weightlifting,2025-05-31,408,44
emma,Swimming,2025-05-31,433,41
emma,Swimming,2025-06-01,462,52
emma,Cycling,2025-06-02,366,52
emma,Swimming,2025-06-03,401,49
emma,Swimming,2025-06-05,396,50
emma,Yoga,2025-06-05,206,44
emma,Swimming,2025-06-05,410,54
emma,Weightlifting,2025-06-07,367,61
emma,Weightlifting,2025-06-07,363,68
emma,Cycling,2025-06-07,291,44
emma,Cycling,2025-06-09,301,32
emma,Swimming,2025-06-10,472,53
emma,Yoga,2025-06-11,196,55
emma,Running,2025-06-11,371,35
emma,Swimming,2025-06-12,434,49
emma,Weightlifting,2025-06-12,324,55
emma,Swimming,2025-06-14,478,39
emma,Yoga,2025-06-15,150,49
emma,Running,2025-06-15,460,48
emma,Cycling,2025-06-15,330,43
emma,Yoga,2025-06-17,200,54
emma,Running,2025-06-19,394,31
emma,Cycling,2025-06-23,365,57
emma,Swimming,2025-06-24,408,34
emma,Running,2025-06-26,423,42
emma,Cycling,2025-06-28,363,57
emma,Yoga,2025-06-28,201,32
emma,Cycling,2025-06-29,303,51
emma,Cycling,2025-07-01,379,39
emma,Swimming,2025-07-01,482,55
emma,Cycling,2025-07-04,343,54
emma,Weightlifting,2025-07-06,391,61
emma,Running,2025-07-06,393,27
emma,Yoga,2025-07-07,171,33
emma,Swimming,2025-07-08,437,49
emma,Cycling,2025-07-09,329,44
emma,Cycling,2025-07-09,366,44
emma,Cycling,2025-07-09,364,44
emma,Weightlifting,2025-07-09,314,43
emma,Yoga,2025-07-10,183,35
emma,Weightlifting,2025-07-10,389,68
emma,Swimming,2025-07-11,402,33
emma,Running,2025-07-12,482,33
emma,Cycling,2025-07-13,286,38
emma,Cycling,2025-07-13,350,50
emma,Swimming,2025-07-14,479,39
emma,Cycling,2025-07-20,337,41
emma,Yoga,2025-07-21,153,59
emma,Running,2025-07-21,382,28
emma,Weightlifting,2025-07-21,392,50
emma,Yoga,2025-07-22,216,54
emma,Yoga,2025-07-23,195,32
emma,Yoga,2025-07-24,198,32
emma,Weightlifting,2025-07-25,354,62
emma,Running,2025-07-25,428,25
emma,Swimming,2025-07-25,405,43
emma,Cycling,2025-07-29,299,30
emma,Running,2025-07-31,378,46
emma,Swimming,2025-07-31,439,55
emma,Running,2025-07-31,480,38
emma,Running,2025-08-01,479,30
emma,Weightlifting,2025-08-01,312,65
emma,Yoga,2025-08-03,216,55
emma,Cycling,2025-08-04,340,41
emma,Weightlifting,2025-08-05,311,64
emma,Weightlifting,2025-08-08,344,70
emma,Weightlifting,2025-08-08,337,67
emma,Weightlifting,2025-08-09,396,50
emma,Yoga,2025-08-10,229,33
emma,Running,2025-08-12,429,47
emma,Swimming,2025-08-12,446,40
emma,Swimming,2025-08-14,491,33
emma,Yoga,2025-08-15,190,60
emma,Weightlifting,2025-08-15,358,53
emma,Yoga,2025-08-15,229,50
emma,Cycling,2025-08-18,295,60
emma,Weightlifting,2025-08-19,370,66
emma,Running,2025-08-21,435,34
emma,Weightlifting,2025-08-21,379,45
emma,Weightlifting,2025-08-21,398,69
emma,Cycling,2025-08-22,363,51
emma,Running,2025-08-23,439,36
emma,Weightlifting,2025-08-23,388,50
emma,Running,2025-08-23,362,39
emma,Yoga,2025-08-24,164,43
emma,Cycling,2025-08-26,291,39
emma,Swimming,2025-08-30,433,45
emma,Cycling,2025-08-30,317,33
emma,Swimming,2025-08-30,410,38
emma,Weightlifting,2025-08-31,331,65
emma,Cycling,2025-09-02,282,46
emma,Weightlifting,2025-09-04,329,70
emma,Swimming,2025-09-04,496,41
emma,Yoga,2025-09-04,165,38
emma,Swimming,2025-09-05,462,39
emma,Cycling,2025-09-05,374,53
emma,Running,2025-09-06,441,25
emma,Yoga,2025-09-07,187,31
emma,Cycling,2025-09-08,351,35
emma,Swimming,2025-09-08,449,52
emma,Weightlifting,2025-09-09,352,61
emma,Running,2025-09-11,394,45
emma,Running,2025-09-12,377,28
emma,Swimming,2025-09-13,459,54
emma,Weightlifting,2025-09-13,311,67
emma,Swimming,2025-09-13,426,35
emma,Swimming,2025-09-14,425,35
emma,Yoga,2025-09-15,163,44
emma,Running,2025-09-17,426,45
emma,Cycling,2025-09-18,287,60
emma,Yoga,2025-09-18,188,58
emma,Running,2025-09-22,395,32
emma,Cycling,2025-09-24,371,42
emma,Weightlifting,2025-09-26,317,64
emma,Yoga,2025-09-26,226,47
emma,Running,2025-09-28,484,39
emma,Weightlifting,2025-09-29,353,57
emma,Running,2025-09-29,360,32
emma,Swimming,2025-09-30,444,46
emma,Yoga,2025-10-01,203,51
emma,Yoga,2025-10-01,230,51
emma,Yoga,2025-10-02,175,48
emma,Weightlifting,2025-10-02,420,61
emma,Yoga,2025-10-08,204,56
emma,Swimming,2025-10-08,487,52
emma,Swimming,2025-10-09,434,53
emma,Running,2025-10-09,367,27
emma,Weightlifting,2025-10-11,367,48
emma,Cycling,2025-10-11,288,56
emma,Weightlifting,2025-10-11,359,58
emma,Yoga,2025-10-11,174,41
emma,Cycling,2025-10-13,351,53
emma,Cycling,2025-10-13,320,32
emma,Swimming,2025-10-13,459,50
emma,Cycling,2025-10-15,334,57
emma,Cycling,2025-10-15,375,50
emma,Swimming,2025-10-15,404,43
emma,Yoga,2025-10-16,193,56
emma,Weightlifting,2025-10-18,408,64
emma,Weightlifting,2025-10-19,341,70
emma,Cycling,2025-10-19,305,39
emma,Swimming,2025-10-20,463,36
emma,Yoga,2025-10-20,216,55
emma,Weightlifting,2025-10-22,398,53
emma,Swimming,2025-10-22,492,47
emma,Swimming,2025-10-23,429,49
emma,Swimming,2025-10-23,432,47
emma,Running,2025-10-25,483,46
emma,Cycling,2025-10-26,322,32
emma,Yoga,2025-10-27,183,53
emma,Swimming,2025-10-27,396,35
emma,Running,2025-10-27,430,35
emma,Swimming,2025-10-29,408,51
emma,Yoga,2025-10-30,201,54
emma,Running,2025-10-31,498,28
emma,Yoga,2025-11-01,199,35
emma,Swimming,2025-11-02,384,33
emma,Yoga,2025-11-02,191,42
emma,Weightlifting,2025-11-02,314,58
emma,Running,2025-11-05,440,38
emma,Swimming,2025-11-06,438,46
emma,Running,2025-11-07,394,45
emma,Yoga,2025-11-08,221,30
emma,Yoga,2025-11-09,191,59
emma,Cycling,2025-11-10,321,59
emma,Swimming,2025-11-10,457,48
emma,Weightlifting,2025-11-12,338,59
emma,Running,2025-11-13,436,49
emma,Weightlifting,2025-11-13,347,41
emma,Running,2025-11-14,473,36
emma,Swimming,2025-11-15,450,45
emma,Swimming,2025-11-17,499,54
emma,Weightlifting,2025-11-17,419,58
emma,Yoga,2025-11-18,191,57
emma,Weightlifting,2025-11-18,411,48
emma,Running,2025-11-18,481,31
emma,Weightlifting,2025-11-19,321,56
emma,Running,2025-11-19,412,40
emma,Swimming,2025-11-24,468,33
emma,Cycling,2025-11-25,312,31
emma,Yoga,2025-11-25,161,46
emma,Swimming,2025-11-25,421,43
emma,Yoga,2025-11-26,153,32
emma,Swimming,2025-11-26,471,52
emma,Cycling,2025-11-27,368,45
emma,Running,2025-11-27,490,39
emma,Yoga,2025-11-28,228,37
emma,Weightlifting,2025-11-29,371,66
emma,Cycling,2025-11-29,353,48
emma,Cycling,2025-12-01,334,33
emma,Running,2025-12-02,434,26
emma,Running,2025-12-03,364,44
emma,Swimming,2025-12-03,497,49
emma,Swimming,2025-12-04,466,54
emma,Running,2025-12-04,373,40
emma,Running,2025-12-05,379,48
emma,Weightlifting,2025-12-10,416,70
emma,Yoga,2025-12-11,152,54
emma,Running,2025-12-11,466,36
emma,Running,2025-12-11,493,39
emma,Swimming,2025-12-13,433,36
emma,Cycling,2025-12-13,316,53
emma,Swimming,2025-12-15,485,49
emma,Weightlifting,2025-12-15,318,66
emma,Cycling,2025-12-15,377,37
emma,Cycling,2025-12-15,340,42
emma,Swimming,2025-12-15,433,42
emma,Weightlifting,2025-12-16,400,50
emma,Running,2025-12-16,425,38
emma,Yoga,2025-12-17,186,39
emma,Yoga,2025-12-18,193,43
emma,Yoga,2025-12-18,183,35
emma,Swimming,2025-12-19,481,53
emma,Yoga,2025-12-19,221,48
emma,Cycling,2025-12-19,297,39
emma,Yoga,2025-12-19,161,45
emma,Cycling,2025-12-19,280,42
emma,Weightlifting,2025-12-21,368,56
emma,Cycling,2025-12-24,291,56
emma,Swimming,2025-12-25,453,39
emma,Swimming,2025-12-25,459,49
emma,Swimming,2025-12-27,453,36
emma,Yoga,2025-12-27,171,40
emma,Cycling,2025-12-27,282,50
emma,Cycling,2025-12-29,312,31
emma,Swimming,2025-12-29,389,55
emma,Cycling,2025-12-30,288,39
